Filename;newFilename;Path;Title;Text_English;Language ;Pictorial_verbopictorial;Name_of_the_creator;Longitude;Latitude;Additional_info;Mode_of_construction;Function;Channels_of_circulation
IMG00001.jpg;IMG00001_2013.jpg;"<img alt=""File"" src=""\\hta-staff01.uw.lu.se\arkivering$\ge7825st\GIS\Athens_2013\IMG00001.jpg"" />";Greek debtocracy;40 Years (of debtocracy);EN, GR;verbopictorial;Bleeps.gr;23.72411; 37.97911;Debtocracy seeks the causes of the debt crisis.;spraypaint / marker pen;social, aesthetic;public wall
IMG00002.jpg;IMG00002_2013.jpg;"<img alt=""File"" src=""\\hta-staff01.uw.lu.se\arkivering$\ge7825st\GIS\Athens_2013\IMG00002.jpg"" />";Political corruption;Areopagitou Korydallos. It's only 2 zeimpekiko turns distance!;GR;verbopictorial;Unknown;23.72729; 37.96953;Akis Tsochatzopoulos: Former Greek defence minister jailed for 20 years for corruption, released from prison May 4 2017.;stencil, marker pen;social;telephone wire box
IMG00003.jpg;IMG00003_2013.jpg;"<img alt=""File"" src=""\\hta-staff01.uw.lu.se\arkivering$\ge7825st\GIS\Athens_2013\IMG00003.jpg"" />";Political corruption;Aki keep going! Are submarines being effected by heavy sea?!;GR;verbopictorial;Unknown;23.71485; 37.96618;Akis Tsochatzopoulos: Former Greek defence minister jailed for 20 years for corruption, released from prison May 4 2017.;stencil, marker pen;social;public wall
IMG00004.jpg;IMG00004_2013.jpg;"<img alt=""File"" src=""\\hta-staff01.uw.lu.se\arkivering$\ge7825st\GIS\Athens_2013\IMG00004.jpg"" />";Powerless citizens;The power always gives you the last word!;GR;verbopictorial;Bleeps.gr;23.71645; 37.98114;;stencil, marker pen;social, political;steel door
IMG00005.jpg;IMG00005_2013.jpg;"<img alt=""File"" src=""\\hta-staff01.uw.lu.se\arkivering$\ge7825st\GIS\Athens_2013\IMG00005.jpg"" />";New world?;Building a brave new world?;EN;verbopictorial;Bleeps.gr;23.71619; 37.98242;;spraypaint / marker pen;social, political;public wall
IMG00006.jpg;IMG00006_2013.jpg;"<img alt=""File"" src=""\\hta-staff01.uw.lu.se\arkivering$\ge7825st\GIS\Athens_2013\IMG00006.jpg"" />";Two worlds and the crisis;Crisis…What else? Against cultural hegemony. Systematic artists;EN, FR;verbopictorial;Bleeps.gr;23.72899; 37.98213;;spraypaint / marker pen;social, aesthetic;public wall
IMG00007.jpg;IMG00007_2013.jpg;"<img alt=""File"" src=""\\hta-staff01.uw.lu.se\arkivering$\ge7825st\GIS\Athens_2013\IMG00007.jpg"" />";Charos;;;pictorial;Bleeps.gr;23.72793; 37.97652;;spraypaint / marker pen;social, political;public wall
IMG00008.jpg;IMG00008_2013.jpg;"<img alt=""File"" src=""\\hta-staff01.uw.lu.se\arkivering$\ge7825st\GIS\Athens_2013\IMG00008.jpg"" />";Ancient Greek ideals, antiquity;Democracy. Antifascism;EN;verbopictorial;Bleeps.gr;23.72593; 37.97809;;spraypaint / marker pen;social, political;public wall
IMG00009.jpg;IMG00009_2013.jpg;"<img alt=""File"" src=""\\hta-staff01.uw.lu.se\arkivering$\ge7825st\GIS\Athens_2013\IMG00009.jpg"" />";The Greek model of fiscal austerity;Greece next economic model;EN;verbopictorial;Bleeps.gr;23.71790; 37.98211;;spraypaint / marker pen;social, political;public wall
IMG00010.jpg;IMG00010_2013.jpg;"<img alt=""File"" src=""\\hta-staff01.uw.lu.se\arkivering$\ge7825st\GIS\Athens_2013\IMG00010.jpg"" />";Greece - Exit (GREXIT);;;pictorial;WD;23.73645; 37.98544;;stencil, marker pen;social, political;public wall
IMG00011.jpg;IMG00011_2013.jpg;"<img alt=""File"" src=""\\hta-staff01.uw.lu.se\arkivering$\ge7825st\GIS\Athens_2013\IMG00011.jpg"" />";The Greek health system;No health care system - & Health Kaput;GR, DE;verbopictorial;Bleeps.gr;23.72341; 37.72341;The word kaput (German) is used for things that are broken, useless, or destroyed.;spraypaint / marker pen;social, political;public wall
IMG00012.jpg;IMG00012_2013.jpg;"<img alt=""File"" src=""\\hta-staff01.uw.lu.se\arkivering$\ge7825st\GIS\Athens_2013\IMG00012.jpg"" />";The causes of crisis?;Hopeless;EN;verbopictorial;Bleeps.gr;23.72721; 37.97707;;spraypaint / marker pen;social, aesthetic;public wall
IMG00013.jpg;IMG00013_2013.jpg;"<img alt=""File"" src=""\\hta-staff01.uw.lu.se\arkivering$\ge7825st\GIS\Athens_2013\IMG00013.jpg"" />";Carnival land;National Carnival on your TV sets;EN;verbopictorial;Bleeps.gr;23.72811; 37.97968;The verbal text further refines the picture and contextualizes the sequence.;spraypaint / marker pen;social, political;window
IMG00014.jpg;IMG00014_2013.jpg;"<img alt=""File"" src=""\\hta-staff01.uw.lu.se\arkivering$\ge7825st\GIS\Athens_2013\IMG00014.jpg"" />";The apple and the revolution;The revolution is not an apple that falls when it is ripe. You have to make it fall;EN;verbopictorial;WD;23.73327; 37.98785;;spraypaint / marker pen;social, aesthetic, political;public wall
IMG00015.jpg;IMG00015_2013.jpg;"<img alt=""File"" src=""\\hta-staff01.uw.lu.se\arkivering$\ge7825st\GIS\Athens_2013\IMG00015.jpg"" />";The chronic sleep;In 2020? Are you going to wake up?;GR;verbopictorial;Bleeps.gr;23.73428; 37.98445;;spraypaint / marker pen;social, humorous, rhetorical;public wall
IMG00016.jpg;IMG00016_2013.jpg;"<img alt=""File"" src=""\\hta-staff01.uw.lu.se\arkivering$\ge7825st\GIS\Athens_2013\IMG00016.jpg"" />";The big love is wrong;Wrong;GR;verbopictorial;Lathos;23.71654; 37.97647;;spraypaint / marker pen;social;public wall
IMG00017.jpg;IMG00017_2013.jpg;"<img alt=""File"" src=""\\hta-staff01.uw.lu.se\arkivering$\ge7825st\GIS\Athens_2013\IMG00017.jpg"" />";Revolutionized Greek antiquity;Revolution;EN;verbopictorial;Bleeps.gr;23.72889; 37.98084;;spraypaint / marker pen;social, aesthetic;public wall
IMG00018.jpg;IMG00018_2013.jpg;"<img alt=""File"" src=""\\hta-staff01.uw.lu.se\arkivering$\ge7825st\GIS\Athens_2013\IMG00018.jpg"" />";Migrant crisis;My treasure;GR;verbopictorial;Bleeps.gr;23.73392; 37.98585;The lyrics of the song Tzivaeri (Domna Samiou) are translated to English by Mariza Koch. The main topic: foreign lands.;spraypaint / marker pen;social, political;public wall
IMG00019.jpg;IMG00019_2013.jpg;"<img alt=""File"" src=""\\hta-staff01.uw.lu.se\arkivering$\ge7825st\GIS\Athens_2013\IMG00019.jpg"" />";Christmas in crisis;Naked Christmas!;GR;verbopictorial;Bleeps.gr;23.73209; 37.98535;;spraypaint / marker pen;social, aesthetic, political;public wall
IMG00020.jpg;IMG00020_2013.jpg;"<img alt=""File"" src=""\\hta-staff01.uw.lu.se\arkivering$\ge7825st\GIS\Athens_2013\IMG00020.jpg"" />";The Greek youth;"We lived our lives; Wrong·  So we changed our pathway (lives). ";GR;verbopictorial;Bleeps.gr;23.71194; 37.98097;A verse from the poem “Denial” (Άρνηση) of Greek poet Seferis can be identified, including the musical version of Mikis Theodorakis, on the label that the figure keeps.;spraypaint / marker pen;social, aesthetic, political;public wall, real object (wooden chair) inside frame
IMG00021.jpg;IMG00021_2013.jpg;"<img alt=""File"" src=""\\hta-staff01.uw.lu.se\arkivering$\ge7825st\GIS\Athens_2013\IMG00021.jpg"" />";SMEs and Malls;They have closed us. The malls are multiplied.;GR;verbopictorial;Bleeps.gr;23.72134; 37.97819;;spraypaint / marker pen;social, political;public wall
IMG00022.jpg;IMG00022_2013.jpg;"<img alt=""File"" src=""\\hta-staff01.uw.lu.se\arkivering$\ge7825st\GIS\Athens_2013\IMG00022.jpg"" />";The Greek beggar;no..Yes! Spare me for a change!;EN;verbopictorial;Bleeps.gr;23.72689; 37.98278;;spraypaint / marker pen;social;public wall
IMG00001.jpg;IMG00001_2014.jpg;"<img alt=""File"" src=""\\hta-staff01.uw.lu.se\arkivering$\ge7825st\GIS\Athens_2014\IMG00001.jpg"" />";Political parties;All the parties are the same…The same applies to me…;GR;verbopictorial;Bleeps.gr;23.72884; 37.97490;;stencil, marker pen;social, political;public wall
IMG00002.jpg;IMG00002_2014.jpg;"<img alt=""File"" src=""\\hta-staff01.uw.lu.se\arkivering$\ge7825st\GIS\Athens_2014\IMG00002.jpg"" />";The monster of capitalism;Always hungry;EN;verbopictorial;Unknown;23.71597; 37.98098;;spraypaint / marker pen;social, political;public wall
IMG00003.jpg;IMG00003_2014.jpg;"<img alt=""File"" src=""\\hta-staff01.uw.lu.se\arkivering$\ge7825st\GIS\Athens_2014\IMG00003.jpg"" />";Antifascism;Antifa;EN;verbopictorial;Unknown;23.72268; 37.99167;;spraypaint / marker pen;social, political;public wall
IMG00004.jpg;IMG00004_2014.jpg;"<img alt=""File"" src=""\\hta-staff01.uw.lu.se\arkivering$\ge7825st\GIS\Athens_2014\IMG00004.jpg"" />";Hymn of Liberty;I won’t pay, I won’t pay, hail, liberty, hail;GR;verbopictorial;NSK;23.74231; 37.98817;National Anthem of Greece (Solomos 1823), I (We) won’t pay, I (We) won’t pay (Dario Fo mid-1970).;stencil;social, political;public wall
IMG00005.jpg;IMG00005_2014.jpg;"<img alt=""File"" src=""\\hta-staff01.uw.lu.se\arkivering$\ge7825st\GIS\Athens_2014\IMG00005.jpg"" />";EU Empire;Xmass in the EU empire;EN;verbopictorial;Bleeps.gr;23.72667; 37.97813;It could be a voice for the women's activist movement against EU.;spraypaint / marker pen;social, aesthetic, political;public wall
IMG00001.jpg;IMG00001_2015.jpg;"<img alt=""File"" src=""\\hta-staff01.uw.lu.se\arkivering$\ge7825st\GIS\Athens_2015\IMG00001.jpg"" />";The tired old man;Do not underestimate the hunger;GR;verbopictorial;Unknown;23.73330; 37.98654;The physical expression of the space becomes part of the meaning of the picture.;spraypaint / marker pen;social, political;public wall
IMG00002.jpg;IMG00002_2015.jpg;"<img alt=""File"" src=""\\hta-staff01.uw.lu.se\arkivering$\ge7825st\GIS\Athens_2015\IMG00002.jpg"" />";The lost child;We are living in a lost generation - nonending adventurous;GR;verbopictorial;Unknown;23.73514; 37.98631;;spraypaint / marker pen;social, political;public wall
IMG00003.jpg;IMG00003_2015.jpg;"<img alt=""File"" src=""\\hta-staff01.uw.lu.se\arkivering$\ge7825st\GIS\Athens_2015\IMG00003.jpg"" />";Fight austerity;Enough! Enough!;GR;verbopictorial;Unknown;23.73546; 37.98921;;spraypaint / marker pen;social, political;public wall
IMG00004.jpg;IMG00004_2015.jpg;"<img alt=""File"" src=""\\hta-staff01.uw.lu.se\arkivering$\ge7825st\GIS\Athens_2015\IMG00004.jpg"" />";The cage;Escape is goona Exit;EN;verbopictorial;EXIT;23.73244; 37.98487;;spraypaint / marker pen;social, political;steel door
IMG00005.jpg;IMG00005_2015.jpg;"<img alt=""File"" src=""\\hta-staff01.uw.lu.se\arkivering$\ge7825st\GIS\Athens_2015\IMG00005.jpg"" />";Subverted praying hands;;;pictorial;Pavlos Tsakonas, Manolis Anastasakos, Kretsis crew;23.72589; 37.98325;German artist Albrecht Dürer (1508). The work depicts praying hands and was created during collaboration between the Ministry of Environment Energy & Climate Change, and the Athens School of Fine Arts. ;spraypaint / marker pen;social, political;public wall
IMG00006.jpg;IMG00006_2015.jpg;"<img alt=""File"" src=""\\hta-staff01.uw.lu.se\arkivering$\ge7825st\GIS\Athens_2015\IMG00006.jpg"" />";Money control;From ancient to Modern Times. Who controls money?;EN;verbopictorial;Ore;23.73407; 37.98576;;spray paint, stencil;social, political;public wall
IMG00007.jpg;IMG00007_2015.jpg;"<img alt=""File"" src=""\\hta-staff01.uw.lu.se\arkivering$\ge7825st\GIS\Athens_2015\IMG00007.jpg"" />";GREXIT - Tsolias Euro Thrower;;;pictorial;Absent, Carpe Diem;23.73490; 37.98777;;stencil;social, political;public wall
IMG00008.jpg;IMG00008_2015.jpg;"<img alt=""File"" src=""\\hta-staff01.uw.lu.se\arkivering$\ge7825st\GIS\Athens_2015\IMG00008.jpg"" />";Future of Greece?;Future They say;EN;verbopictorial;Unknown;23.72888; 37.97442; ;stencil, marker pen;social, political;public wall
IMG00009.jpg;IMG00009_2015.jpg;"<img alt=""File"" src=""\\hta-staff01.uw.lu.se\arkivering$\ge7825st\GIS\Athens_2015\IMG00009.jpg"" />";Papandreou wedding;Georgios Papandreou as a groom after January 26 2015;GR;verbopictorial;Unknown;23.72657; 37.97660;January 25 2015 Greek legislative election, the coalition of the radical left, syriza, won a legislative election for the first time ever. The pictorial representation represents the former prime minister G. Papandreou, Greek folk song 1970 (Κυρά-Γιώργαινα - Καλατζής Γιάννης & Διαμάντη Λίτσα).;stencil, marker pen;social, political;public wall
IMG00010.jpg;IMG00010_2015.jpg;"<img alt=""File"" src=""\\hta-staff01.uw.lu.se\arkivering$\ge7825st\GIS\Athens_2015\IMG00010.jpg"" />";Grexit;Hi Pal Pay me, Grexit;EN;verbopictorial;Unknown;23.72835; 37.97895;;stencil;social, political;public wall
IMG00011.jpg;IMG00011_2015.jpg;"<img alt=""File"" src=""\\hta-staff01.uw.lu.se\arkivering$\ge7825st\GIS\Athens_2015\IMG00011.jpg"" />";Antifascism;I fought the fascists so that my grandchildren could bring them back;GR;verbopictorial;Mapet;23.73424; 37.98550;;stencil;social, political;public wall
IMG00012.jpg;IMG00012_2015.jpg;"<img alt=""File"" src=""\\hta-staff01.uw.lu.se\arkivering$\ge7825st\GIS\Athens_2015\IMG00012.jpg"" />";Unemployment;I need job, not speech;EN;verbopictorial;WD;23.73843; 37.98625;;stencil, marker pen;social, political;public wall
IMG00013.jpg;IMG00013_2015.jpg;"<img alt=""File"" src=""\\hta-staff01.uw.lu.se\arkivering$\ge7825st\GIS\Athens_2015\IMG00013.jpg"" />";The court?;I see dead people..But who doesn't?;EN;verbopictorial;Jnor, Kize, Rows, Ano;23.73389; 37.98490;;spraypaint / marker pen;social, political;public wall
IMG00014.jpg;IMG00014_2015.jpg;"<img alt=""File"" src=""\\hta-staff01.uw.lu.se\arkivering$\ge7825st\GIS\Athens_2015\IMG00014.jpg"" />";Greek antiquity;Vote to noone;EN;verbopictorial;Bleeps.gr;23.72511; 37.97501;It is referred to the elections on October 4 2009 in Greece. The historical past of classical antiquity with the cultural ideals is reconceptualized and interconnected with the Greek present. ;stencil;social, political;public wall
IMG00015.jpg;IMG00015_2015.jpg;"<img alt=""File"" src=""\\hta-staff01.uw.lu.se\arkivering$\ge7825st\GIS\Athens_2015\IMG00015.jpg"" />";Broken wings;;;pictorial;WD;23.72496; 37.97861;;stencil, paste-up;social, political;public wall
IMG00016.jpg;IMG00016_2015.jpg;"<img alt=""File"" src=""\\hta-staff01.uw.lu.se\arkivering$\ge7825st\GIS\Athens_2015\IMG00016.jpg"" />";Santa Claus ;Spare any change, please?;GR, EN;verbopictorial;Bleeps.gr;23.73020; 37.99254;;stencil;social, political;public wall
IMG00017.jpg;IMG00017_2015.jpg;"<img alt=""File"" src=""\\hta-staff01.uw.lu.se\arkivering$\ge7825st\GIS\Athens_2015\IMG00017.jpg"" />";The fish star;;;pictorial;Bleeps.gr;23.72372; 37.97970;;spraypaint / marker pen;social, political;public wall
IMG00018.jpg;IMG00018_2015.jpg;"<img alt=""File"" src=""\\hta-staff01.uw.lu.se\arkivering$\ge7825st\GIS\Athens_2015\IMG00018.jpg"" />";Riot - molotov cocktails;;;pictorial;Unknown;23.73502; 37.98698;;spraypaint;social, political;steel door
IMG00019.jpg;IMG00019_2015.jpg;"<img alt=""File"" src=""\\hta-staff01.uw.lu.se\arkivering$\ge7825st\GIS\Athens_2015\IMG00019.jpg"" />";Out of the cage;;;pictorial;EXIT;23.73457; 37.98602;;spraypaint / marker pen;social, political;public wall
IMG00020.jpg;IMG00020_2015.jpg;"<img alt=""File"" src=""\\hta-staff01.uw.lu.se\arkivering$\ge7825st\GIS\Athens_2015\IMG00020.jpg"" />";Refugees (Dedicated to refugees);;;pictorial;WD;23.73585; 37.98605;;spraypaint / marker pen;social, aesthetic, politcal;public wall
IMG00021.jpg;IMG00021_2015.jpg;"<img alt=""File"" src=""\\hta-staff01.uw.lu.se\arkivering$\ge7825st\GIS\Athens_2015\IMG00021.jpg"" />";The lady of Athens withouth the head;;;pictorial;Sonke;23.74151; 37.98595;;spraypaint / marker pen;social, aesthetic, politcal;public wall
IMG00022.jpg;IMG00022_2015.jpg;"<img alt=""File"" src=""\\hta-staff01.uw.lu.se\arkivering$\ge7825st\GIS\Athens_2015\IMG00022.jpg"" />";Greek tsolias;;;pictorial;Bleeps.gr;23.72544; 37.98077;;stencil;social, aesthetic, politcal;public wall
IMG00023.jpg;IMG00023_2015.jpg;"<img alt=""File"" src=""\\hta-staff01.uw.lu.se\arkivering$\ge7825st\GIS\Athens_2015\IMG00023.jpg"" />";Star;Star;GR;verbopictorial;Yiakou;23.72555; 37.97735;;spraypaint / marker pen;social, aesthetic, politcal;public wall
IMG00024.jpg;IMG00024_2015.jpg;"<img alt=""File"" src=""\\hta-staff01.uw.lu.se\arkivering$\ge7825st\GIS\Athens_2015\IMG00024.jpg"" />";The sheep and the wolves;As long as sheep stand, so wolves will scream;GR;verbopictorial;Unknown;23.73554; 37.98741;;spraypaint / marker pen;social, political;public wall
IMG00025.jpg;IMG00025_2015.jpg;"<img alt=""File"" src=""\\hta-staff01.uw.lu.se\arkivering$\ge7825st\GIS\Athens_2015\IMG00025.jpg"" />";Princess with wings;;;pictorial;Unknown;23.73614; 37.98671;;spraypaint / marker pen;social, political;public wall
IMG00026.jpg;IMG00026_2015.jpg;"<img alt=""File"" src=""\\hta-staff01.uw.lu.se\arkivering$\ge7825st\GIS\Athens_2015\IMG00026.jpg"" />";Cops are pigs;;;pictorial;Unknown;23.73485; 37.98768;;spraypaint / marker pen;social, political;public wall
IMG00027.jpg;IMG00027_2015.jpg;"<img alt=""File"" src=""\\hta-staff01.uw.lu.se\arkivering$\ge7825st\GIS\Athens_2015\IMG00027.jpg"" />";The big mouth;Stop talking, just act;EN;verbopictorial;EMICA;23.73635; 37.98794;;spraypaint / marker pen;social, political;public wall
IMG00028.jpg;IMG00028_2015.jpg;"<img alt=""File"" src=""\\hta-staff01.uw.lu.se\arkivering$\ge7825st\GIS\Athens_2015\IMG00028.jpg"" />";New austerity measures;Rage for new measures;GR;verbopictorial;Cacao Rocks;23.73640; 37.98636;;spraypaint / marker pen;social, political;public wall
IMG00029.jpg;IMG00029_2015.jpg;"<img alt=""File"" src=""\\hta-staff01.uw.lu.se\arkivering$\ge7825st\GIS\Athens_2015\IMG00029.jpg"" />";Watching you from the window;;;pictorial;WD;23.73601; 37.98598;;spraypaint / marker pen;social, political;public wall
IMG00030.jpg;IMG00030_2015.jpg;"<img alt=""File"" src=""\\hta-staff01.uw.lu.se\arkivering$\ge7825st\GIS\Athens_2015\IMG00030.jpg"" />";Human clones;Stop human cloning;EN;verbopictorial;FLIP;23.72607; 37.97701;;stencil;social, political;public wall
IMG00031.jpg;IMG00031_2015.jpg;"<img alt=""File"" src=""\\hta-staff01.uw.lu.se\arkivering$\ge7825st\GIS\Athens_2015\IMG00031.jpg"" />";Antifascism - Antinazism;Crash the fascists;GR;verbopictorial;Unknown;23.72318; 37.98637;;spraypaint / marker pen;social, political;public wall
IMG00032.jpg;IMG00032_2015.jpg;"<img alt=""File"" src=""\\hta-staff01.uw.lu.se\arkivering$\ge7825st\GIS\Athens_2015\IMG00032.jpg"" />";Capitalism!;Dear Capitalism, it's not you, it's me. Just kidding, It's you. It's over.;EN;verbopictorial;Lotek;23.72667; 37.98585;;stencil;social;public wall
IMG00033.jpg;IMG00033_2015.jpg;"<img alt=""File"" src=""\\hta-staff01.uw.lu.se\arkivering$\ge7825st\GIS\Athens_2015\IMG00033.jpg"" />";Begging!;Spare some time?;EN;verbopictorial;EXIT;23.71272; 37.97997;;spraypaint / marker pen;social, political;public wall
IMG00034.jpg;IMG00034_2015.jpg;"<img alt=""File"" src=""\\hta-staff01.uw.lu.se\arkivering$\ge7825st\GIS\Athens_2015\IMG00034.jpg"" />";Joking!;All you need is joke;EN;verbopictorial;WD;23.73562; 37.98648;Graffiti resulting from the signed series WD, All you need is joke, with the smile inspired of the character of Joker, the enemy of Batman.;spraypaint / marker pen;social, political;public wall
IMG00035.jpg;IMG00035_2015.jpg;"<img alt=""File"" src=""\\hta-staff01.uw.lu.se\arkivering$\ge7825st\GIS\Athens_2015\IMG00035.jpg"" />";Immigrants;;;pictorial;EXIT;23.71918; 37.98412;;spraypaint / marker pen;social, political;public wall
IMG00036.jpg;IMG00036_2015.jpg;"<img alt=""File"" src=""\\hta-staff01.uw.lu.se\arkivering$\ge7825st\GIS\Athens_2015\IMG00036.jpg"" />";Crying;Why are you crying?;FR;verbopictorial;Refur;23.71918; 37.98412;;spraypaint / marker pen;social, political;public wall
IMG00037.jpg;IMG00037_2015.jpg;"<img alt=""File"" src=""\\hta-staff01.uw.lu.se\arkivering$\ge7825st\GIS\Athens_2015\IMG00037.jpg"" />";Bash it;Bash it;EN;verbopictorial;Unknown;23.73140; 37.98208;A critical stance on mass media. During mass demonstrations the protesters criticize mass media such as the television. Television will not be revolutionized or bash it.;stencil;social, political;public wall
IMG00038.jpg;IMG00038_2015.jpg;"<img alt=""File"" src=""\\hta-staff01.uw.lu.se\arkivering$\ge7825st\GIS\Athens_2015\IMG00038.jpg"" />";Happy end;Happy end;EN;verbopictorial;WD;23.72496; 37.97716;;paste-up, sticker;social, political;public wall
IMG00039.jpg;IMG00039_2015.jpg;"<img alt=""File"" src=""\\hta-staff01.uw.lu.se\arkivering$\ge7825st\GIS\Athens_2015\IMG00039.jpg"" />";The mind on the bike;Where is my mind?;EN;verbopictorial;Unknown;23.72644; 37.97357;;stencil;social, political;public wall
IMG00040.jpg;IMG00040_2015.jpg;"<img alt=""File"" src=""\\hta-staff01.uw.lu.se\arkivering$\ge7825st\GIS\Athens_2015\IMG00040.jpg"" />";; ;;pictorial;Unknown;23.73855; 37.98558;;sticker, marker pen;social, political;public wall
IMG00041.jpg;IMG00041_2015.jpg;"<img alt=""File"" src=""\\hta-staff01.uw.lu.se\arkivering$\ge7825st\GIS\Athens_2015\IMG00041.jpg"" />";Struggle; ;;pictorial;EXIT;23.71151; 37.98027;;spraypaint / marker pen;social, political;public wall
IMG00042.jpg;IMG00042_2015.jpg;"<img alt=""File"" src=""\\hta-staff01.uw.lu.se\arkivering$\ge7825st\GIS\Athens_2015\IMG00042.jpg"" />";Antifascism;Kill the fascist you have inside you;GR;verbopictorial;Unknown;23.73484; 37.98668;;spraypaint / marker pen;social, political;public wall
IMG00043.jpg;IMG00043_2015.jpg;"<img alt=""File"" src=""\\hta-staff01.uw.lu.se\arkivering$\ge7825st\GIS\Athens_2015\IMG00043.jpg"" />";Eurodisney;E-Disney;EN;pictorial;Unknown;23.72324; 37.97831;;stencil, marker pen;social, political;public wall
IMG00044.jpg;IMG00044_2015.jpg;"<img alt=""File"" src=""\\hta-staff01.uw.lu.se\arkivering$\ge7825st\GIS\Athens_2015\IMG00044.jpg"" />";Migrant crisis;Migration is not a crime;EN;verbopictorial;Unknown;23.72823; 37.97878;Inspired by Banksy.;stencil, marker pen;social, political;public wall
IMG00045.jpg;IMG00045_2015.jpg;"<img alt=""File"" src=""\\hta-staff01.uw.lu.se\arkivering$\ge7825st\GIS\Athens_2015\IMG00045.jpg"" />";Kill nazism and fascism;;;pictorial;Unknown;23.72823; 37.97878;Gestalt;stencil;social, political;public wall
IMG00046.jpg;IMG00046_2015.jpg;"<img alt=""File"" src=""\\hta-staff01.uw.lu.se\arkivering$\ge7825st\GIS\Athens_2015\IMG00046.jpg"" />";NO to the Third Memorandum;No;DE;verbopictorial;Dimnaip;23.72476; 37.96861;Protest of street art against the third Greek bailout program. German nein, as an artistic interference, is written on the EU flag as a background.;stencil, marker pen;social, political;public wall
IMG00047.jpg;IMG00047_2015.jpg;"<img alt=""File"" src=""\\hta-staff01.uw.lu.se\arkivering$\ge7825st\GIS\Athens_2015\IMG00047.jpg"" />";Unemployment;Unemployment;GR;verbopictorial;Unknown;23.73462; 37.98470;It iscinspired by a poster of Alegria (a show by Cirque du Soleil), which had filled Athens’ ad spaces in the past. The represented human figure is the former Greek Prime Minister, Antonis Samaras.;paste-up, sticker;social, political;public wall
IMG00048.jpg;IMG00048_2015.jpg;"<img alt=""File"" src=""\\hta-staff01.uw.lu.se\arkivering$\ge7825st\GIS\Athens_2015\IMG00048.jpg"" />";Mass media and revolution;The television will not be revolutionized;EN;verbopictorial;Unknown;23.73793; 37.98693;;stencil;social, political;public wall
IMG00049.jpg;IMG00049_2015.jpg;"<img alt=""File"" src=""\\hta-staff01.uw.lu.se\arkivering$\ge7825st\GIS\Athens_2015\IMG00049.jpg"" />";Financial austerity;The time died even if was a doctor;GR;verbopictorial;Cacao Rocks;23.73372; 37.98539;;spraypaint / marker pen;social, political;public wall
IMG00050.jpg;IMG00050_2015.jpg;"<img alt=""File"" src=""\\hta-staff01.uw.lu.se\arkivering$\ge7825st\GIS\Athens_2015\IMG00050.jpg"" />";Tanks and Banks;Then with tanks, now with banks;EN;verbopictorial;Cacao Rocks;23.73475; 37.98721;;spraypaint / marker pen;social, political;public wall
IMG00051.jpg;IMG00051_2015.jpg;"<img alt=""File"" src=""\\hta-staff01.uw.lu.se\arkivering$\ge7825st\GIS\Athens_2015\IMG00051.jpg"" />";;;;pictorial;Unknown;23.73359; 37.98532;The IC XC is a Christogram, a monogram of Jesus’ name.  Jesus Christ in Greek looks like ΙΗΣΟΥΣ ΧΡΙΣΤΟΣ ΙΗΣΟΥΣ stands for Jesus and ΧΡΙΣΤΟΣ stands for Christ.  Greek Prime Minister Tsipras - Jesus Christ.;spraypaint / marker pen;social, political;public wall
IMG00052.jpg;IMG00052_2015.jpg;"<img alt=""File"" src=""\\hta-staff01.uw.lu.se\arkivering$\ge7825st\GIS\Athens_2015\IMG00052.jpg"" />";European migrant camp;Welcome to Europé camp;EN;verbopictorial;Mapet;23.72527; 37.98768;;spraypaint / marker pen;social, political;steel door
IMG00053.jpg;IMG00053_2015.jpg;"<img alt=""File"" src=""\\hta-staff01.uw.lu.se\arkivering$\ge7825st\GIS\Athens_2015\IMG00053.jpg"" />";Greek debt;Welcome…You owe to Troika 36730 euro!!!;EN;verbopictorial;FLIP;23.72599; 37.97686;;stencil;social, political;public wall
IMG00054.jpg;IMG00054_2015.jpg;"<img alt=""File"" src=""\\hta-staff01.uw.lu.se\arkivering$\ge7825st\GIS\Athens_2015\IMG00054.jpg"" />";Money control;From ancient to Modern Times. Who controls money?;EN;verbopictorial;Ore;23.73406; 37.98576;;spray paint, stencil;social, political;public wall
IMG00055.jpg;IMG00055_2015.jpg;"<img alt=""File"" src=""\\hta-staff01.uw.lu.se\arkivering$\ge7825st\GIS\Athens_2015\IMG00055.jpg"" />";Antifascism - Antinazism;Antifascism;GR;verbopictorial;Unknown;23.73327; 37.98394;;spraypaint;social, political;public wall
IMG00001.jpg;IMG00001_2016.jpg;"<img alt=""File"" src=""\\hta-staff01.uw.lu.se\arkivering$\ge7825st\GIS\Athens_2016_A\IMG00001.jpg"" />";Priest as hippie;Never trust a hippie…;EN;verbopictorial;Unknown;23.73330; 37.98654;Never Trust a Hippy is an EP by the American punk rock band NOFX, released March 14, 2006 through Fat Wreck Chords.;stencil;social, political;public wall
IMG00002.jpg;IMG00002_2016.jpg;"<img alt=""File"" src=""\\hta-staff01.uw.lu.se\arkivering$\ge7825st\GIS\Athens_2016_A\IMG00002.jpg"" />";Molotov cocktails;Welcome to the civilization;EN;verbopictorial;Unknown;23.68241; 37.99311;;spraypaint / marker pen;social, political;public wall
IMG00003.jpg;IMG00003_2016.jpg;"<img alt=""File"" src=""\\hta-staff01.uw.lu.se\arkivering$\ge7825st\GIS\Athens_2016_A\IMG00003.jpg"" />";Antinazism;Mesologiou Antinazi;GR;verbopictorial;Unknown;23.73359; 37.98637;;spraypaint / marker pen;social, political;public wall
IMG00004.jpg;IMG00004_2016.jpg;"<img alt=""File"" src=""\\hta-staff01.uw.lu.se\arkivering$\ge7825st\GIS\Athens_2016_A\IMG00004.jpg"" />";The power is blind;;;pictorial;Unknown;23.73419; 37.98269;;spraypaint / marker pen;social, political;public wall
IMG00005.jpg;IMG00005_2016.jpg;"<img alt=""File"" src=""\\hta-staff01.uw.lu.se\arkivering$\ge7825st\GIS\Athens_2016_A\IMG00005.jpg"" />";Debt;Cut the debt;EN;verbopictorial;Cacao Rocks;23.72396; 37.97982;;spraypaint / marker pen;social, political;public wall
IMG00006.jpg;IMG00006_2016.jpg;"<img alt=""File"" src=""\\hta-staff01.uw.lu.se\arkivering$\ge7825st\GIS\Athens_2016_A\IMG00006.jpg"" />";Antinazism;;;pictorial;Unknown;23.72817; 37.97692;;spraypaint / marker pen;social, political;public wall
IMG00007.jpg;IMG00007_2016.jpg;"<img alt=""File"" src=""\\hta-staff01.uw.lu.se\arkivering$\ge7825st\GIS\Athens_2016_A\IMG00007.jpg"" />";Be happy;Be happy;EN;verbopictorial;Unknown;23.72544; 37.97879;;spraypaint / marker pen;social, political;public wall
IMG00008.jpg;IMG00008_2016.jpg;"<img alt=""File"" src=""\\hta-staff01.uw.lu.se\arkivering$\ge7825st\GIS\Athens_2016_A\IMG00008.jpg"" />";No title;;;pictorial;NFNA;23.72592; 37.97325;;spraypaint / marker pen;social, political;public wall
IMG00009.jpg;IMG00009_2016.jpg;"<img alt=""File"" src=""\\hta-staff01.uw.lu.se\arkivering$\ge7825st\GIS\Athens_2016_A\IMG00009.jpg"" />";The girl and the flowers;The girl is the flowers;GR;verbopictorial;Yiakou;23.72864; 37.97637;;spraypaint / marker pen;social, political;public wall
IMG00010.jpg;IMG00010_2016.jpg;"<img alt=""File"" src=""\\hta-staff01.uw.lu.se\arkivering$\ge7825st\GIS\Athens_2016_A\IMG00010.jpg"" />";The lady of Athens;;;pictorial;Sonke;23.72971; 37.97769;;spraypaint / marker pen;social, aesthetic, politcal;public wall
IMG00011.jpg;IMG00011_2016.jpg;"<img alt=""File"" src=""\\hta-staff01.uw.lu.se\arkivering$\ge7825st\GIS\Athens_2016_A\IMG00011.jpg"" />";The smiling woman with the glove;;;pictorial;WD;23.73559; 37.98598;;paste-up, sticker;social, aesthetic, politcal;public wall
IMG00012.jpg;IMG00012_2016.jpg;"<img alt=""File"" src=""\\hta-staff01.uw.lu.se\arkivering$\ge7825st\GIS\Athens_2016_A\IMG00012.jpg"" />";We have the power;;;pictorial;INO;23.64238; 37.94726;It is depicting a child looking up at a huge portrait of the ancient philosopher Democritus. Knowledge is power. ;spraypaint / marker pen;social, aesthetic, politcal;public wall, wall mural
IMG00013.jpg;IMG00013_2016.jpg;"<img alt=""File"" src=""\\hta-staff01.uw.lu.se\arkivering$\ge7825st\GIS\Athens_2016_A\IMG00013.jpg"" />";Money, power;;;pictorial;INO;23.72797; 37.98649;;spraypaint / marker pen;social, aesthetic, politcal;public wall, wall mural
IMG00014.jpg;IMG00014_2016.jpg;"<img alt=""File"" src=""\\hta-staff01.uw.lu.se\arkivering$\ge7825st\GIS\Athens_2016_A\IMG00014.jpg"" />";ΚΙΠSER;;;pictorial;Unknown;23.73318; 37.98819;;paste-up, sticker;social, aesthetic, politcal;public wall
IMG00015.jpg;IMG00015_2016.jpg;"<img alt=""File"" src=""\\hta-staff01.uw.lu.se\arkivering$\ge7825st\GIS\Athens_2016_A\IMG00015.jpg"" />";Clown kids;;;pictorial;STMTS;23.73607; 37.98784;;paste-up, sticker;social, aesthetic, politcal;public wall
IMG00016.jpg;IMG00016_2016.jpg;"<img alt=""File"" src=""\\hta-staff01.uw.lu.se\arkivering$\ge7825st\GIS\Athens_2016_A\IMG00016.jpg"" />";Noble Rot;;;pictorial;Skeim, Illu;23.72792; 37.98098;;spraypaint;social, political;steel door